{"cameraMode":{"drawMode":0,"name":"Shaded","section":"Shading Mode"},"sceneLighting":true,"audioPlay":false,"sceneViewState":{"m_AlwaysRefresh":false,"showFog":true,"showSkybox":true,"showFlares":true,"showImageEffects":true,"showParticleSystems":true,"showVisualEffectGraphs":true,"m_FxEnabled":true},"in2DMode":false,"pivot":{"x":-0.13388846814632417,"y":2.412790298461914,"z":-11.063753128051758},"rotation":{"x":0.03299406170845032,"y":-0.002998060779646039,"z":0.00009920733282342553,"w":0.9994527101516724},"size":0.18720167875289918,"orthographic":false}