{"cameraMode":{"drawMode":0,"name":"Shaded","section":"Shading Mode"},"sceneLighting":true,"audioPlay":false,"sceneViewState":{"m_AlwaysRefresh":false,"showFog":true,"showSkybox":true,"showFlares":true,"showImageEffects":true,"showParticleSystems":true,"showVisualEffectGraphs":true,"m_FxEnabled":true},"in2DMode":false,"pivot":{"x":5.189742088317871,"y":1.5634124279022217,"z":-2.7915854454040529},"rotation":{"x":0.19348469376564027,"y":-0.05295075848698616,"z":0.010458423756062985,"w":0.9796193838119507},"size":6.311861038208008,"orthographic":false}